Date,Description,Original Description,Amount,Transaction Type,Category,Account Name,Label,Notes
2020-01-01,Dummy,Dummy,80,debit,Gym,Example,,
2020-01-02,Dummy,Dummy,20,debit,Gifts & Donations,Example,,
2020-01-03,Dummy,Dummy,70,debit,Restaurants,Example,,
2020-01-03,Dummy,Dummy,10,debit,Rental Car & Taxi,Example,,
2020-01-03,Dummy,Dummy,0,credit,Dividend & Cap Gains,Example,,
2020-01-05,Dummy,Dummy,0,debit,Coffee Shops,Example,,
2020-01-06,Dummy,Dummy,30,debit,Income,Example,,
2020-01-06,Dummy,Dummy,30,debit,Restaurants,Example,,
2020-01-06,Dummy,Dummy,60,debit,Restaurants,Example,,
2020-01-08,Dummy,Dummy,30,credit,Interest Income,Example,,
2020-01-09,Dummy,Dummy,20,debit,Sporting Goods,Example,,
2020-01-09,Dummy,Dummy,1490,debit,Mortgage & Rent,Example,,
2020-01-10,Dummy,Dummy,30,debit,Furnishings,Example,,
2020-01-12,Dummy,Dummy,0,debit,Groceries,Example,,
2020-01-13,Dummy,Dummy,10,debit,Gas & Fuel,Example,,
2020-01-13,Dummy,Dummy,10,debit,Alcohol & Bars,Example,,
2020-01-14,Dummy,Dummy,120,credit,Paycheck,Example,,
2020-01-15,Dummy,Dummy,30,debit,Groceries,Example,,
2020-01-15,Dummy,Dummy,1440,credit,Paycheck,Example,,
2020-01-16,Dummy,Dummy,110,credit,Clothing,Example,,
2020-01-16,Dummy,Dummy,1020,credit,Investments,Example,,
2020-01-17,Dummy,Dummy,2070,credit,Paycheck,Example,,
2020-01-21,Dummy,Dummy,200,debit,Transfer,Example,,
2020-01-24,Dummy,Dummy,0,debit,Restaurants,Example,,
2020-01-26,Dummy,Dummy,20,debit,Restaurants,Example,,
2020-01-27,Dummy,Dummy,0,credit,Credit Card Payment,Example,,
2020-01-29,Dummy,Dummy,80,debit,Auto Insurance,Example,,
2020-01-30,Dummy,Dummy,70,credit,Paycheck,Example,,
2020-01-31,Dummy,Dummy,0,credit,Interest Income,Example,,
2020-01-31,Dummy,Dummy,2180,credit,Paycheck,Example,,
2020-01-31,Dummy,Dummy,50,credit,Investments,Example,,
2020-02-03,Dummy,Dummy,50,credit,Credit Card Payment,Example,,
2020-02-03,Dummy,Dummy,0,debit,Coffee Shops,Example,,
2020-02-04,Dummy,Dummy,40,debit,Groceries,Example,,
2020-02-06,Dummy,Dummy,10,debit,Fast Food,Example,,
2020-02-09,Dummy,Dummy,10,debit,Rental Car & Taxi,Example,,
2020-02-10,Dummy,Dummy,0,debit,Public Transportation,Example,,
2020-02-10,Dummy,Dummy,10,debit,Alcohol & Bars,Example,,
2020-02-10,Dummy,Dummy,1860,debit,Credit Card Payment,Example,,
2020-02-11,Dummy,Dummy,40,debit,Groceries,Example,,
2020-02-11,Dummy,Dummy,210,debit,Credit Card Payment,Example,,
2020-02-13,Dummy,Dummy,20,debit,Gas & Fuel,Example,,
2020-02-14,Dummy,Dummy,10,debit,Income,Example,,
2020-02-14,Dummy,Dummy,20,debit,Gas & Fuel,Example,,
2020-02-15,Dummy,Dummy,20,debit,Alcohol & Bars,Example,,
2020-02-17,Dummy,Dummy,20,debit,Rental Car & Taxi,Example,,
2020-02-17,Dummy,Dummy,20,debit,Restaurants,Example,,
2020-02-18,Dummy,Dummy,20,debit,Restaurants,Example,,
2020-02-18,Dummy,Dummy,50,debit,Transfer,Example,,
2020-02-18,Dummy,Dummy,200,credit,Investments,Example,,
2020-02-19,Dummy,Dummy,0,debit,Travel,Example,,
2020-02-20,Dummy,Dummy,300,debit,Sporting Goods,Example,,
2020-02-21,Dummy,Dummy,10,debit,Tuition,Example,,
2020-02-24,Dummy,Dummy,40,debit,Restaurants,Example,,
2020-02-25,Dummy,Dummy,30,debit,Restaurants,Example,,
2020-02-26,Dummy,Dummy,0,debit,Income,Example,,
2020-02-27,Dummy,Dummy,0,debit,Fast Food,Example,,
2020-02-28,Dummy,Dummy,0,credit,ATM Fee,Example,,
2020-02-28,Dummy,Dummy,90,debit,Credit Card Payment,Example,,
2020-02-28,Dummy,Dummy,370,credit,Income,Example,,
2020-02-29,Dummy,Dummy,80,debit,Auto Insurance,Example,,
2020-03-01,Dummy,Dummy,40,debit,Restaurants,Example,,
2020-03-02,Dummy,Dummy,0,debit,Restaurants,Example,,
2020-03-02,Dummy,Dummy,1050,debit,Credit Card Payment,Example,,
2020-03-03,Dummy,Dummy,0,debit,Groceries,Example,,
2020-03-04,Dummy,Dummy,70,credit,Paycheck,Example,,
2020-03-05,Dummy,Dummy,20,debit,Gas & Fuel,Example,,
2020-03-06,Dummy,Dummy,430,debit,Reimbursement,Example,,
2020-03-08,Dummy,Dummy,30,credit,Interest Income,Example,,
2020-03-09,Dummy,Dummy,10,debit,Alcohol & Bars,Example,,
2020-03-09,Dummy,Dummy,1490,debit,Mortgage & Rent,Example,,
2020-03-09,Dummy,Dummy,20,credit,Dividend & Cap Gains,Example,,
2020-03-10,Dummy,Dummy,430,debit,Credit Card Payment,Example,,
2020-03-11,Dummy,Dummy,960,debit,Credit Card Payment,Example,,
2020-03-12,Dummy,Dummy,10,debit,Fees & Charges,Example,,
2020-03-13,Dummy,Dummy,2060,credit,Paycheck,Example,,
2020-03-15,Dummy,Dummy,10,debit,Rental Car & Taxi,Example,,
2020-03-16,Dummy,Dummy,1020,credit,Investments,Example,,
2020-03-16,Dummy,Dummy,0,credit,Dividend & Cap Gains,Example,,
2020-03-17,Dummy,Dummy,400,credit,Paycheck,Example,,
2020-03-18,Dummy,Dummy,0,credit,Dividend & Cap Gains,Example,,
2020-03-19,Dummy,Dummy,20,debit,Doctor,Example,,
2020-03-23,Dummy,Dummy,0,credit,Investments,Example,,
2020-03-24,Dummy,Dummy,230,credit,Income,Example,,
2020-03-25,Dummy,Dummy,30,debit,Check,Example,,
2020-03-27,Dummy,Dummy,2080,credit,Paycheck,Example,,
2020-03-30,Dummy,Dummy,40,credit,Income,Example,,
2020-03-30,Dummy,Dummy,200,credit,Investments,Example,,
2020-03-31,Dummy,Dummy,50,debit,Transfer,Example,,
2020-03-31,Dummy,Dummy,50,credit,Investments,Example,,
2020-04-01,Dummy,Dummy,0,credit,Dividend & Cap Gains,Example,,
2020-04-02,Dummy,Dummy,10,credit,Dividend & Cap Gains,Example,,
2020-04-03,Dummy,Dummy,80,credit,Credit Card Payment,Example,,
2020-04-06,Dummy,Dummy,80,debit,Credit Card Payment,Example,,
2020-04-09,Dummy,Dummy,1760,credit,Credit Card Payment,Example,,
2020-04-09,Dummy,Dummy,0,credit,Dividend & Cap Gains,Example,,
2020-04-13,Dummy,Dummy,50,debit,Credit Card Payment,Example,,
2020-04-15,Dummy,Dummy,10,debit,Shopping,Example,,
2020-04-15,Dummy,Dummy,2440,credit,Paycheck,Example,,
2020-04-15,Dummy,Dummy,10,credit,Dividend & Cap Gains,Example,,
2020-04-16,Dummy,Dummy,1020,credit,Investments,Example,,
2020-04-20,Dummy,Dummy,90,debit,Shopping,Example,,
2020-04-23,Dummy,Dummy,250,debit,Transfer,Example,,
2020-04-27,Dummy,Dummy,2330,debit,Credit Card Payment,Example,,
2020-04-30,Dummy,Dummy,200,debit,Transfer,Example,,
2020-04-30,Dummy,Dummy,200,credit,Investments,Example,,
2020-05-04,Dummy,Dummy,1530,debit,Mortgage & Rent,Example,,
2020-05-05,Dummy,Dummy,260,debit,Electronics & Software,Example,,
2020-05-05,Dummy,Dummy,60,debit,Utilities,Example,,
2020-05-06,Dummy,Dummy,2030,debit,Credit Card Payment,Example,,
2020-05-08,Dummy,Dummy,2000,credit,Paycheck,Example,,
2020-05-11,Dummy,Dummy,0,credit,Dividend & Cap Gains,Example,,
2020-05-13,Dummy,Dummy,0,debit,Shopping,Example,,
2020-05-13,Dummy,Dummy,70,credit,Paycheck,Example,,
2020-05-15,Dummy,Dummy,50,debit,Transfer,Example,,
2020-05-15,Dummy,Dummy,10,credit,Dividend & Cap Gains,Example,,
2020-05-18,Dummy,Dummy,0,credit,Investments,Example,,
2020-05-18,Dummy,Dummy,0,credit,Investments,Example,,
2020-05-21,Dummy,Dummy,250,credit,Income,Example,,
2020-05-24,Dummy,Dummy,80,debit,Groceries,Example,,
2020-05-26,Dummy,Dummy,600,credit,Credit Card Payment,Example,,
2020-05-27,Dummy,Dummy,600,debit,Credit Card Payment,Example,,
2020-05-29,Dummy,Dummy,0,credit,Interest Income,Example,,
2020-05-29,Dummy,Dummy,50,credit,Investments,Example,,
2020-06-01,Dummy,Dummy,70,debit,Groceries,Example,,
2020-06-02,Dummy,Dummy,1540,debit,Credit Card Payment,Example,,
2020-06-03,Dummy,Dummy,50,debit,Transfer,Example,,
2020-06-05,Dummy,Dummy,0,debit,Sporting Goods,Example,,
2020-06-05,Dummy,Dummy,40,debit,Sporting Goods,Example,,
2020-06-05,Dummy,Dummy,20,debit,Restaurants,Example,,
2020-06-06,Dummy,Dummy,10,debit,Groceries,Example,,
2020-06-08,Dummy,Dummy,20,credit,Dividend & Cap Gains,Example,,
2020-06-10,Dummy,Dummy,20,debit,Charity,Example,,
2020-06-12,Dummy,Dummy,850,debit,Credit Card Payment,Example,,
2020-06-15,Dummy,Dummy,50,credit,Investments,Example,,
2020-06-16,Dummy,Dummy,0,credit,Investments,Example,,
2020-06-18,Dummy,Dummy,70,debit,Utilities,Example,,
2020-06-19,Dummy,Dummy,0,credit,Dividend & Cap Gains,Example,,
2020-06-22,Dummy,Dummy,110,debit,Sporting Goods,Example,,
2020-06-23,Dummy,Dummy,300,debit,Sporting Goods,Example,,
2020-06-25,Dummy,Dummy,1550,credit,Credit Card Payment,Example,,
2020-06-25,Dummy,Dummy,0,debit,Investments,Example,,
2020-06-26,Dummy,Dummy,10,credit,Credit Card Payment,Example,,
2020-06-27,Dummy,Dummy,0,debit,Groceries,Example,,
2020-06-29,Dummy,Dummy,10,debit,Credit Card Payment,Example,,
2020-06-30,Dummy,Dummy,0,credit,Interest Income,Example,,
2020-06-30,Dummy,Dummy,200,debit,Transfer,Example,,
2020-06-30,Dummy,Dummy,10,debit,Trade Commissions,Example,,
2020-06-30,Dummy,Dummy,50,credit,Investments,Example,,
2020-07-02,Dummy,Dummy,2040,credit,Paycheck,Example,,
2020-07-03,Dummy,Dummy,10,debit,Coffee Shops,Example,,
2020-07-03,Dummy,Dummy,1530,debit,Mortgage & Rent,Example,,
2020-07-05,Dummy,Dummy,10,debit,Vacation,Example,,
2020-07-06,Dummy,Dummy,180,debit,Transfer,Example,,
2020-07-07,Dummy,Dummy,0,debit,Gift,Example,,
2020-07-08,Dummy,Dummy,20,credit,Interest Income,Example,,
2020-07-09,Dummy,Dummy,0,credit,Dividend & Cap Gains,Example,,
2020-07-10,Dummy,Dummy,0,credit,Dividend & Cap Gains,Example,,
2020-07-11,Dummy,Dummy,0,debit,Groceries,Example,,
2020-07-12,Dummy,Dummy,1020,credit,Income,Example,,
2020-07-13,Dummy,Dummy,10,debit,Groceries,Example,,
2020-07-15,Dummy,Dummy,2850,credit,Transfer,Example,,
2020-07-15,Dummy,Dummy,50,credit,Investments,Example,,
2020-07-16,Dummy,Dummy,1020,debit,Transfer,Example,,
2020-07-16,Dummy,Dummy,2550,debit,Transfer,Example,,
2020-07-17,Dummy,Dummy,2180,credit,Paycheck,Example,,
2020-07-18,Dummy,Dummy,10,debit,Groceries,Example,,
2020-07-18,Dummy,Dummy,20,debit,Groceries,Example,,
2020-07-18,Dummy,Dummy,40,debit,Alcohol & Bars,Example,,
2020-07-20,Dummy,Dummy,10,debit,Home Improvement,Example,,
2020-07-20,Dummy,Dummy,0,debit,Groceries,Example,,
2020-07-20,Dummy,Dummy,0,debit,Groceries,Example,,
2020-07-20,Dummy,Dummy,200,credit,Investments,Example,,
2020-07-22,Dummy,Dummy,70,credit,Paycheck,Example,,
2020-07-25,Dummy,Dummy,2200,credit,Credit Card Payment,Example,,
2020-07-27,Dummy,Dummy,30,debit,Shopping,Example,,
2020-07-27,Dummy,Dummy,0,debit,Entertainment,Example,,
2020-07-27,Dummy,Dummy,10,debit,Credit Card Payment,Example,,
2020-07-28,Dummy,Dummy,20,debit,Shopping,Example,,
2020-07-30,Dummy,Dummy,0,debit,Groceries,Example,,
2020-07-30,Dummy,Dummy,10,debit,Gas & Fuel,Example,,
2020-07-30,Dummy,Dummy,80,debit,Restaurants,Example,,
2020-07-31,Dummy,Dummy,160,credit,Credit Card Payment,Example,,
2020-07-31,Dummy,Dummy,0,credit,ATM Fee,Example,,
2020-08-02,Dummy,Dummy,50,debit,Restaurants,Example,,
2020-08-03,Dummy,Dummy,160,debit,Credit Card Payment,Example,,
2020-08-04,Dummy,Dummy,50,debit,Credit Card Payment,Example,,
2020-08-05,Dummy,Dummy,60,debit,Pet Food & Supplies,Example,,
2020-08-06,Dummy,Dummy,20,debit,Gift,Example,,
2020-08-06,Dummy,Dummy,50,debit,Groceries,Example,,
2020-08-06,Dummy,Dummy,70,debit,Shopping,Example,,
2020-08-07,Dummy,Dummy,20,debit,Groceries,Example,,
2020-08-07,Dummy,Dummy,10,debit,Charity,Example,,
2020-08-07,Dummy,Dummy,50,debit,Auto & Transport,Example,,
2020-08-08,Dummy,Dummy,130,credit,Auto & Transport,Example,,
2020-08-08,Dummy,Dummy,10,debit,Restaurants,Example,,
2020-08-09,Dummy,Dummy,20,debit,Alcohol & Bars,Example,,
2020-08-09,Dummy,Dummy,0,debit,Groceries,Example,,
2020-08-10,Dummy,Dummy,20,debit,Gas & Fuel,Example,,
2020-08-10,Dummy,Dummy,10,debit,Groceries,Example,,
2020-08-11,Dummy,Dummy,0,debit,Lawn & Garden,Example,,
2020-08-11,Dummy,Dummy,10,debit,Credit Card Payment,Example,,
2020-08-12,Dummy,Dummy,1890,debit,Credit Card Payment,Example,,
2020-08-14,Dummy,Dummy,80,debit,Alcohol & Bars,Example,,
2020-08-14,Dummy,Dummy,60,debit,Bank Fee,Example,,
2020-08-15,Dummy,Dummy,0,debit,Groceries,Example,,
2020-08-15,Dummy,Dummy,30,debit,Vacation,Example,,
2020-08-16,Dummy,Dummy,10,debit,Gas & Fuel,Example,,
2020-08-17,Dummy,Dummy,70,debit,Pet Food & Supplies,Example,,
2020-08-17,Dummy,Dummy,50,debit,Transfer,Example,,
2020-08-17,Dummy,Dummy,50,credit,Restaurants,Example,,
2020-08-18,Dummy,Dummy,80,debit,Internet,Example,,
2020-08-19,Dummy,Dummy,40,debit,Alcohol & Bars,Example,,
2020-08-20,Dummy,Dummy,20,debit,Groceries,Example,,
2020-08-21,Dummy,Dummy,80,debit,Shopping,Example,,
2020-08-22,Dummy,Dummy,10,debit,Groceries,Example,,
2020-08-23,Dummy,Dummy,110,debit,Groceries,Example,,
2020-08-24,Dummy,Dummy,10,debit,Groceries,Example,,
2020-08-24,Dummy,Dummy,10,debit,Groceries,Example,,
2020-08-24,Dummy,Dummy,0,debit,Groceries,Example,,
2020-08-25,Dummy,Dummy,30,debit,Groceries,Example,,
2020-08-25,Dummy,Dummy,50,debit,Transfer,Example,,
2020-08-26,Dummy,Dummy,1440,credit,Credit Card Payment,Example,,
2020-08-27,Dummy,Dummy,50,debit,Alcohol & Bars,Example,,
2020-08-27,Dummy,Dummy,1440,debit,Credit Card Payment,Example,,
2020-08-28,Dummy,Dummy,200,debit,Transfer,Example,,
2020-08-29,Dummy,Dummy,70,debit,Restaurants,Example,,
2020-08-29,Dummy,Dummy,20,debit,Groceries,Example,,
2020-08-30,Dummy,Dummy,30,debit,Groceries,Example,,
2020-08-31,Dummy,Dummy,0,credit,Interest Income,Example,,
2020-09-01,Dummy,Dummy,90,debit,Service Fee,Example,,
2020-09-02,Dummy,Dummy,30,debit,Clothing,Example,,
2020-09-02,Dummy,Dummy,70,credit,Paycheck,Example,,
2020-09-03,Dummy,Dummy,70,debit,Investments,Example,,
2020-09-03,Dummy,Dummy,60,debit,Pet Food & Supplies,Example,,
2020-09-04,Dummy,Dummy,30,debit,Gas & Fuel,Example,,
2020-09-04,Dummy,Dummy,20,debit,Groceries,Example,,
2020-09-05,Dummy,Dummy,120,debit,Vacation,Example,,
2020-09-05,Dummy,Dummy,50,debit,Groceries,Example,,
2020-09-06,Dummy,Dummy,20,debit,Shopping,Example,,
2020-09-06,Dummy,Dummy,150,debit,Clothing,Example,,
2020-09-07,Dummy,Dummy,250,debit,Sporting Goods,Example,,
2020-09-08,Dummy,Dummy,10,debit,Gas & Fuel,Example,,
2020-09-08,Dummy,Dummy,20,debit,Clothing,Example,,
2020-09-09,Dummy,Dummy,10,debit,Coffee Shops,Example,,
2020-09-10,Dummy,Dummy,30,debit,Groceries,Example,,
2020-09-11,Dummy,Dummy,0,debit,Gas & Fuel,Example,,
2020-09-11,Dummy,Dummy,30,debit,Restaurants,Example,,
2020-09-11,Dummy,Dummy,10,credit,Home Improvement,Example,,
2020-09-12,Dummy,Dummy,30,debit,Groceries,Example,,
2020-09-13,Dummy,Dummy,0,debit,Travel,Example,,
2020-09-13,Dummy,Dummy,10,debit,Coffee Shops,Example,,
2020-09-14,Dummy,Dummy,10,debit,Movies & DVDs,Example,,
2020-09-15,Dummy,Dummy,70,debit,Alcohol & Bars,Example,,
2020-09-16,Dummy,Dummy,30,debit,Groceries,Example,,
2020-09-16,Dummy,Dummy,80,debit,Restaurants,Example,,
2020-09-16,Dummy,Dummy,1530,debit,Transfer,Example,,
2020-09-18,Dummy,Dummy,0,debit,Restaurants,Example,,
2020-09-18,Dummy,Dummy,80,debit,Internet,Example,,
2020-09-18,Dummy,Dummy,60,debit,Utilities,Example,,
2020-09-20,Dummy,Dummy,80,debit,Groceries,Example,,
2020-09-20,Dummy,Dummy,10,debit,Groceries,Example,,
2020-09-21,Dummy,Dummy,10,debit,Groceries,Example,,
2020-09-21,Dummy,Dummy,0,debit,Groceries,Example,,
2020-09-22,Dummy,Dummy,90,debit,Shopping,Example,,
2020-09-23,Dummy,Dummy,630,credit,Credit Card Payment,Example,,
2020-09-24,Dummy,Dummy,10,debit,Clothing,Example,,
2020-09-25,Dummy,Dummy,0,debit,Public Transportation,Example,,
2020-09-25,Dummy,Dummy,30,debit,Groceries,Example,,
2020-09-26,Dummy,Dummy,10,debit,Groceries,Example,,
2020-09-26,Dummy,Dummy,0,debit,Gas & Fuel,Example,,
2020-09-27,Dummy,Dummy,0,debit,Groceries,Example,,
2020-09-27,Dummy,Dummy,40,debit,Groceries,Example,,
2020-09-28,Dummy,Dummy,10,debit,Fast Food,Example,,
2020-09-30,Dummy,Dummy,100,debit,Charity,Example,,
2020-09-30,Dummy,Dummy,50,debit,Transfer,Example,,
2020-09-30,Dummy,Dummy,70,credit,Paycheck,Example,,
2020-10-01,Dummy,Dummy,70,debit,Investments,Example,,
2020-10-02,Dummy,Dummy,540,debit,Credit Card Payment,Example,,
2020-10-04,Dummy,Dummy,90,debit,Groceries,Example,,
2020-10-04,Dummy,Dummy,330,credit,Credit Card Payment,Example,,
2020-10-05,Dummy,Dummy,30,debit,Alcohol & Bars,Example,,
2020-10-05,Dummy,Dummy,1490,credit,Paycheck,Example,,
2020-10-06,Dummy,Dummy,0,debit,Groceries,Example,,
2020-10-07,Dummy,Dummy,190,debit,Hotel,Example,,
2020-10-08,Dummy,Dummy,10,debit,Mortgage & Rent,Example,,
2020-10-09,Dummy,Dummy,20,debit,Groceries,Example,,
2020-10-09,Dummy,Dummy,0,debit,Public Transportation,Example,,
2020-10-10,Dummy,Dummy,20,debit,Charity,Example,,
2020-10-10,Dummy,Dummy,10,debit,Travel,Example,,
2020-10-11,Dummy,Dummy,0,debit,Groceries,Example,,
2020-10-13,Dummy,Dummy,0,debit,Movies & DVDs,Example,,
2020-10-14,Dummy,Dummy,10,debit,Movies & DVDs,Example,,
2020-10-15,Dummy,Dummy,70,debit,Pet Food & Supplies,Example,,
2020-10-16,Dummy,Dummy,60,debit,Groceries,Example,,
2020-10-16,Dummy,Dummy,30,debit,Gas & Fuel,Example,,
2020-10-17,Dummy,Dummy,10,debit,Groceries,Example,,
2020-10-18,Dummy,Dummy,0,debit,Movies & DVDs,Example,,
2020-10-18,Dummy,Dummy,60,debit,Alcohol & Bars,Example,,
2020-10-19,Dummy,Dummy,60,credit,Credit Card Payment,Example,,
2020-10-19,Dummy,Dummy,20,debit,Transfer,Example,,
2020-10-20,Dummy,Dummy,80,debit,Groceries,Example,,
2020-10-22,Dummy,Dummy,50,debit,Gift,Example,,
2020-10-23,Dummy,Dummy,140,debit,Electronics & Software,Example,,
2020-10-23,Dummy,Dummy,190,credit,Hotel,Example,,
2020-10-24,Dummy,Dummy,10,debit,Shopping,Example,,
2020-10-25,Dummy,Dummy,60,debit,Sporting Goods,Example,,
2020-10-26,Dummy,Dummy,1430,credit,Credit Card Payment,Example,,
2020-10-27,Dummy,Dummy,60,debit,Gift,Example,,
2020-10-27,Dummy,Dummy,40,debit,Groceries,Example,,
2020-10-28,Dummy,Dummy,10,debit,Groceries,Example,,
2020-10-29,Dummy,Dummy,30,debit,Restaurants,Example,,
2020-10-30,Dummy,Dummy,30,debit,Restaurants,Example,,
2020-10-30,Dummy,Dummy,40,debit,Groceries,Example,,
2020-10-30,Dummy,Dummy,200,debit,Transfer,Example,,
2020-10-31,Dummy,Dummy,0,credit,Interest Income,Example,,
2020-11-01,Dummy,Dummy,100,debit,Service Fee,Example,,
2020-11-02,Dummy,Dummy,40,debit,Shopping,Example,,
2020-11-02,Dummy,Dummy,0,debit,Groceries,Example,,
2020-11-04,Dummy,Dummy,20,debit,Groceries,Example,,
2020-11-04,Dummy,Dummy,1480,credit,Paycheck,Example,,
2020-11-06,Dummy,Dummy,2310,credit,Paycheck,Example,,
2020-11-07,Dummy,Dummy,40,debit,Groceries,Example,,
2020-11-08,Dummy,Dummy,10,credit,Interest Income,Example,,
2020-11-10,Dummy,Dummy,20,debit,Charity,Example,,
2020-11-11,Dummy,Dummy,670,credit,Credit Card Payment,Example,,
2020-11-11,Dummy,Dummy,10,debit,Shopping,Example,,
2020-11-11,Dummy,Dummy,350,debit,Hotel,Example,,
2020-11-13,Dummy,Dummy,10,debit,Restaurants,Example,,
2020-11-13,Dummy,Dummy,120,debit,Alcohol & Bars,Example,,
2020-11-14,Dummy,Dummy,0,debit,Groceries,Example,,
2020-11-16,Dummy,Dummy,50,debit,Home,Example,,
2020-11-17,Dummy,Dummy,50,debit,Groceries,Example,,
2020-11-18,Dummy,Dummy,200,debit,Transfer,Example,,
2020-11-19,Dummy,Dummy,50,debit,Restaurants,Example,,
2020-11-20,Dummy,Dummy,70,debit,Pet Food & Supplies,Example,,
2020-11-20,Dummy,Dummy,0,debit,Movies & DVDs,Example,,
2020-11-21,Dummy,Dummy,120,debit,Groceries,Example,,
2020-11-21,Dummy,Dummy,10,debit,Groceries,Example,,
2020-11-21,Dummy,Dummy,0,debit,Groceries,Example,,
2020-11-23,Dummy,Dummy,340,credit,Credit Card Payment,Example,,
2020-11-24,Dummy,Dummy,10,debit,Shopping,Example,,
2020-11-25,Dummy,Dummy,10,debit,Fast Food,Example,,
2020-11-25,Dummy,Dummy,20,debit,Gas & Fuel,Example,,
2020-11-25,Dummy,Dummy,70,credit,Paycheck,Example,,
2020-11-27,Dummy,Dummy,260,debit,Shopping,Example,,
2020-11-27,Dummy,Dummy,100,credit,Credit Card Payment,Example,,
2020-11-29,Dummy,Dummy,20,debit,Pharmacy,Example,,
2020-11-30,Dummy,Dummy,60,debit,Doctor,Example,,
2020-11-30,Dummy,Dummy,0,credit,Interest Income,Example,,
2020-11-30,Dummy,Dummy,0,credit,Interest Income,Example,,
2020-11-30,Dummy,Dummy,0,credit,ATM Fee,Example,,
2020-12-01,Dummy,Dummy,10,debit,Shopping,Example,,
2020-12-02,Dummy,Dummy,20,debit,Groceries,Example,,
2020-12-02,Dummy,Dummy,50,debit,Charity,Example,,
2020-12-03,Dummy,Dummy,1320,debit,Mortgage & Rent,Example,,
2020-12-04,Dummy,Dummy,10,debit,Gift,Example,,
2020-12-04,Dummy,Dummy,50,debit,Credit Card Payment,Example,,
2020-12-04,Dummy,Dummy,0,debit,Investments,Example,,
2020-12-05,Dummy,Dummy,30,debit,Gas & Fuel,Example,,
2020-12-07,Dummy,Dummy,620,debit,Credit Card Payment,Example,,
2020-12-08,Dummy,Dummy,30,debit,Groceries,Example,,
2020-12-09,Dummy,Dummy,30,debit,Charity,Example,,
2020-12-09,Dummy,Dummy,0,credit,Dividend & Cap Gains,Example,,
2020-12-10,Dummy,Dummy,20,debit,Food & Dining,Example,,
2020-12-10,Dummy,Dummy,50,debit,Gift,Example,,
2020-12-10,Dummy,Dummy,90,debit,Investments,Example,,
2020-12-11,Dummy,Dummy,10,debit,Movies & DVDs,Example,,
2020-12-11,Dummy,Dummy,30,debit,Gas & Fuel,Example,,
2020-12-11,Dummy,Dummy,20,debit,Restaurants,Example,,
2020-12-11,Dummy,Dummy,0,debit,Coffee Shops,Example,,
2020-12-12,Dummy,Dummy,10,debit,Groceries,Example,,
2020-12-14,Dummy,Dummy,20,debit,Restaurants,Example,,
2020-12-14,Dummy,Dummy,10,debit,Movies & DVDs,Example,,
2020-12-14,Dummy,Dummy,620,debit,Credit Card Payment,Example,,
2020-12-15,Dummy,Dummy,50,credit,Investments,Example,,
2020-12-16,Dummy,Dummy,1530,credit,Investments,Example,,
2020-12-17,Dummy,Dummy,10,credit,Reimbursement,Example,,
2020-12-18,Dummy,Dummy,1150,credit,Paycheck,Example,,
2020-12-18,Dummy,Dummy,0,credit,Dividend & Cap Gains,Example,,
2020-12-19,Dummy,Dummy,20,debit,Groceries,Example,,
2020-12-19,Dummy,Dummy,140,debit,Alcohol & Bars,Example,,
2020-12-20,Dummy,Dummy,0,debit,Movies & DVDs,Example,,
2020-12-21,Dummy,Dummy,30,debit,Fast Food,Example,,
2020-12-21,Dummy,Dummy,50,debit,Transfer,Example,,
2020-12-21,Dummy,Dummy,15740,debit,Investments,Example,,
2020-12-22,Dummy,Dummy,40,debit,Restaurants,Example,,
2020-12-23,Dummy,Dummy,30,debit,Groceries,Example,,
2020-12-23,Dummy,Dummy,70,credit,Income,Example,,
2020-12-24,Dummy,Dummy,0,debit,Restaurants,Example,,
2020-12-24,Dummy,Dummy,10,debit,Restaurants,Example,,
2020-12-24,Dummy,Dummy,10,credit,Dividend & Cap Gains,Example,,
2020-12-26,Dummy,Dummy,1450,credit,Credit Card Payment,Example,,
2020-12-28,Dummy,Dummy,10,debit,Restaurants,Example,,
2020-12-28,Dummy,Dummy,50,debit,Transfer,Example,,
2020-12-28,Dummy,Dummy,10,credit,Dividend & Cap Gains,Example,,
2020-12-29,Dummy,Dummy,50,debit,Business Services,Example,,
2020-12-29,Dummy,Dummy,0,debit,Investments,Example,,
2020-12-29,Dummy,Dummy,0,debit,Investments,Example,,
2020-12-29,Dummy,Dummy,0,debit,Investments,Example,,
2020-12-29,Dummy,Dummy,0,credit,Dividend & Cap Gains,Example,,
2020-12-30,Dummy,Dummy,100,debit,Groceries,Example,,
2020-12-30,Dummy,Dummy,0,debit,Investments,Example,,
2020-12-30,Dummy,Dummy,0,debit,Investments,Example,,
2020-12-30,Dummy,Dummy,30,credit,Dividend & Cap Gains,Example,,
2020-12-30,Dummy,Dummy,10,credit,Dividend & Cap Gains,Example,,
2020-12-31,Dummy,Dummy,0,debit,Gas & Fuel,Example,,
2020-12-31,Dummy,Dummy,10,debit,Restaurants,Example,,
2020-12-31,Dummy,Dummy,100,debit,Charity,Example,,
2020-12-31,Dummy,Dummy,30,debit,Groceries,Example,,
2020-12-31,Dummy,Dummy,0,debit,Groceries,Example,,
2020-12-31,Dummy,Dummy,50,debit,Transfer,Example,,
2020-12-31,Dummy,Dummy,0,debit,Trade Commissions,Example,,
2021-01-01,Dummy,Dummy,190,credit,Credit Card Payment,Example,,
2021-01-02,Dummy,Dummy,60,debit,Shopping,Example,,
2021-01-04,Dummy,Dummy,130,debit,Groceries,Example,,
2021-01-04,Dummy,Dummy,30,debit,Groceries,Example,,
2021-01-04,Dummy,Dummy,190,debit,Credit Card Payment,Example,,
2021-01-04,Dummy,Dummy,10,credit,Dividend & Cap Gains,Example,,
2021-01-05,Dummy,Dummy,20,credit,Advertising,Example,,
2021-01-05,Dummy,Dummy,10,debit,Entertainment,Example,,
2021-01-06,Dummy,Dummy,20,debit,Gas & Fuel,Example,,
2021-01-07,Dummy,Dummy,0,debit,Groceries,Example,,
2021-01-08,Dummy,Dummy,10,debit,Coffee Shops,Example,,
2021-01-09,Dummy,Dummy,150,credit,Clothing,Example,,
2021-01-10,Dummy,Dummy,10,debit,Travel,Example,,
2021-01-11,Dummy,Dummy,40,debit,Shopping,Example,,
2021-01-12,Dummy,Dummy,0,debit,Ride Share,Example,,
2021-01-13,Dummy,Dummy,0,debit,Entertainment,Example,,
2021-01-13,Dummy,Dummy,120,debit,Groceries,Example,,
2021-01-15,Dummy,Dummy,10,debit,Clothing,Example,,
2021-01-15,Dummy,Dummy,2440,credit,Paycheck,Example,,
2021-01-16,Dummy,Dummy,10,debit,Coffee Shops,Example,,
2021-01-16,Dummy,Dummy,0,debit,Restaurants,Example,,
2021-01-18,Dummy,Dummy,0,debit,Restaurants,Example,,
2021-01-19,Dummy,Dummy,200,debit,Transfer,Example,,
2021-01-19,Dummy,Dummy,34500,debit,Investments,Example,,
2021-01-19,Dummy,Dummy,0,credit,Investments,Example,,
2021-01-20,Dummy,Dummy,0,credit,Income,Example,,
2021-01-20,Dummy,Dummy,1220,credit,Reimbursement,Example,,
2021-01-21,Dummy,Dummy,150,debit,Misc Expenses,Example,,
2021-01-21,Dummy,Dummy,40,debit,Utilities,Example,,
2021-01-22,Dummy,Dummy,0,debit,Groceries,Example,,
2021-01-22,Dummy,Dummy,30,debit,Misc Expenses,Example,,
2021-01-23,Dummy,Dummy,10,debit,Gym,Example,,
2021-01-24,Dummy,Dummy,0,debit,Groceries,Example,,
2021-01-24,Dummy,Dummy,20,debit,Groceries,Example,,
2021-01-26,Dummy,Dummy,40,debit,Groceries,Example,,
2021-01-27,Dummy,Dummy,60,debit,Personal Care,Example,,
2021-01-28,Dummy,Dummy,10,debit,Clothing,Example,,
2021-01-29,Dummy,Dummy,0,debit,Ride Share,Example,,
2021-01-29,Dummy,Dummy,0,debit,Groceries,Example,,
2021-01-29,Dummy,Dummy,0,credit,Interest Income,Example,,
2021-01-29,Dummy,Dummy,0,credit,Dividend & Cap Gains,Example,,
2021-01-29,Dummy,Dummy,0,debit,Trade Commissions,Example,,
2021-01-30,Dummy,Dummy,30,debit,Restaurants,Example,,
2021-01-31,Dummy,Dummy,0,debit,Ride Share,Example,,
2021-02-01,Dummy,Dummy,30,debit,Shopping,Example,,
2021-02-01,Dummy,Dummy,350,credit,Credit Card Payment,Example,,
2021-02-01,Dummy,Dummy,0,credit,Dividend & Cap Gains,Example,,
2021-02-02,Dummy,Dummy,1530,debit,Mortgage & Rent,Example,,
2021-02-03,Dummy,Dummy,1290,credit,Paycheck,Example,,
2021-02-04,Dummy,Dummy,370,credit,Credit Card Payment,Example,,
2021-02-04,Dummy,Dummy,0,credit,Dividend & Cap Gains,Example,,
2021-02-05,Dummy,Dummy,20,debit,Groceries,Example,,
2021-02-05,Dummy,Dummy,370,debit,Credit Card Payment,Example,,
2021-02-06,Dummy,Dummy,30,debit,Restaurants,Example,,
2021-02-08,Dummy,Dummy,260,debit,Auto Insurance,Example,,
2021-02-08,Dummy,Dummy,0,credit,Dividend & Cap Gains,Example,,
2021-02-09,Dummy,Dummy,0,debit,Ride Share,Example,,
2021-02-10,Dummy,Dummy,20,debit,Charity,Example,,
2021-02-11,Dummy,Dummy,1190,credit,Credit Card Payment,Example,,
2021-02-11,Dummy,Dummy,50,debit,Groceries,Example,,
2021-02-12,Dummy,Dummy,20,debit,Groceries,Example,,
2021-02-12,Dummy,Dummy,40,debit,Groceries,Example,,
2021-02-12,Dummy,Dummy,1190,debit,Credit Card Payment,Example,,
2021-02-13,Dummy,Dummy,30,debit,Restaurants,Example,,
2021-02-14,Dummy,Dummy,60,debit,Groceries,Example,,
2021-02-15,Dummy,Dummy,30,debit,Groceries,Example,,
2021-02-16,Dummy,Dummy,50,debit,Transfer,Example,,
2021-02-17,Dummy,Dummy,10,debit,Alcohol & Bars,Example,,
2021-02-17,Dummy,Dummy,10,debit,Restaurants,Example,,
2021-02-18,Dummy,Dummy,10,debit,Shopping,Example,,
2021-02-18,Dummy,Dummy,100,debit,Groceries,Example,,
2021-02-18,Dummy,Dummy,200,debit,Transfer,Example,,
2021-02-18,Dummy,Dummy,200,credit,Investments,Example,,
2021-02-19,Dummy,Dummy,70,debit,Alcohol & Bars,Example,,
2021-02-19,Dummy,Dummy,0,debit,Ride Share,Example,,
2021-02-19,Dummy,Dummy,50,debit,Investments,Example,,
2021-02-21,Dummy,Dummy,20,debit,Restaurants,Example,,
2021-02-21,Dummy,Dummy,0,debit,Restaurants,Example,,
2021-02-22,Dummy,Dummy,150,debit,Credit Card Payment,Example,,
2021-02-22,Dummy,Dummy,70,debit,Personal Care,Example,,
2021-02-23,Dummy,Dummy,1570,credit,Credit Card Payment,Example,,
2021-02-24,Dummy,Dummy,50,debit,Groceries,Example,,
2021-02-25,Dummy,Dummy,30,debit,Groceries,Example,,
2021-02-25,Dummy,Dummy,24730,credit,Investments,Example,,
2021-02-26,Dummy,Dummy,0,debit,Groceries,Example,,
2021-02-26,Dummy,Dummy,50,debit,Transfer,Example,,
2021-02-26,Dummy,Dummy,200,debit,Transfer,Example,,
2021-02-26,Dummy,Dummy,0,debit,Investments,Example,,
2021-02-26,Dummy,Dummy,50,credit,Investments,Example,,
2021-02-27,Dummy,Dummy,60,debit,Groceries,Example,,
2021-02-27,Dummy,Dummy,30,debit,Restaurants,Example,,
2021-02-28,Dummy,Dummy,0,debit,Service & Parts,Example,,
2021-02-28,Dummy,Dummy,20,debit,Groceries,Example,,
2021-03-01,Dummy,Dummy,0,credit,Dividend & Cap Gains,Example,,
2021-03-01,Dummy,Dummy,10,credit,Investments,Example,,
2021-03-02,Dummy,Dummy,680,debit,Credit Card Payment,Example,,
2021-03-03,Dummy,Dummy,30,debit,Gas & Fuel,Example,,
2021-03-04,Dummy,Dummy,0,debit,Restaurants,Example,,
2021-03-04,Dummy,Dummy,50,debit,Investments,Example,,
2021-03-04,Dummy,Dummy,0,debit,Investments,Example,,
2021-03-05,Dummy,Dummy,10,debit,Gas & Fuel,Example,,
2021-03-05,Dummy,Dummy,0,debit,Ride Share,Example,,
2021-03-06,Dummy,Dummy,50,debit,Groceries,Example,,
2021-03-07,Dummy,Dummy,30,debit,Doctor,Example,,
2021-03-07,Dummy,Dummy,0,debit,Gas & Fuel,Example,,
2021-03-08,Dummy,Dummy,40,debit,Clothing,Example,,
2021-03-08,Dummy,Dummy,0,credit,Dividend & Cap Gains,Example,,
2021-03-09,Dummy,Dummy,10,debit,Restaurants,Example,,
2021-03-10,Dummy,Dummy,10,debit,Groceries,Example,,
2021-03-11,Dummy,Dummy,30,debit,Groceries,Example,,
2021-03-11,Dummy,Dummy,1060,credit,Credit Card Payment,Example,,
2021-03-12,Dummy,Dummy,80,debit,Alcohol & Bars,Example,,
2021-03-13,Dummy,Dummy,20,debit,Groceries,Example,,
2021-03-13,Dummy,Dummy,40,debit,Gas & Fuel,Example,,
2021-03-13,Dummy,Dummy,30,debit,Restaurants,Example,,
2021-03-14,Dummy,Dummy,20,debit,Restaurants,Example,,
2021-03-15,Dummy,Dummy,70,debit,Groceries,Example,,
2021-03-15,Dummy,Dummy,50,debit,Transfer,Example,,
2021-03-16,Dummy,Dummy,10,debit,Restaurants,Example,,
2021-03-17,Dummy,Dummy,300,debit,Home Improvement,Example,,
2021-03-18,Dummy,Dummy,80,debit,Internet,Example,,
2021-03-18,Dummy,Dummy,200,credit,Investments,Example,,
2021-03-19,Dummy,Dummy,50,debit,Groceries,Example,,
2021-03-20,Dummy,Dummy,0,debit,Pharmacy,Example,,
2021-03-20,Dummy,Dummy,40,debit,Gas & Fuel,Example,,
2021-03-20,Dummy,Dummy,0,debit,Ride Share,Example,,
2021-03-21,Dummy,Dummy,0,debit,Ride Share,Example,,
2021-03-22,Dummy,Dummy,20,debit,Groceries,Example,,
2021-03-22,Dummy,Dummy,30,debit,Utilities,Example,,
2021-03-23,Dummy,Dummy,10,debit,Home Improvement,Example,,
2021-03-24,Dummy,Dummy,10,debit,Ride Share,Example,,
2021-03-25,Dummy,Dummy,300,debit,Home Improvement,Example,,
2021-03-25,Dummy,Dummy,10,debit,Restaurants,Example,,
2021-03-25,Dummy,Dummy,0,debit,Restaurants,Example,,
2021-03-25,Dummy,Dummy,0,debit,Investments,Example,,
2021-03-25,Dummy,Dummy,0,credit,Investments,Example,,
2021-03-25,Dummy,Dummy,0,credit,Dividend & Cap Gains,Example,,
2021-03-26,Dummy,Dummy,1430,credit,Credit Card Payment,Example,,
2021-03-26,Dummy,Dummy,2430,credit,Paycheck,Example,,
2021-03-27,Dummy,Dummy,0,debit,Ride Share,Example,,
2021-03-28,Dummy,Dummy,40,debit,Groceries,Example,,
2021-03-29,Dummy,Dummy,20,debit,Clothing,Example,,
2021-03-29,Dummy,Dummy,380,debit,Home Improvement,Example,,
2021-03-30,Dummy,Dummy,3310,debit,Home Improvement,Example,,
2021-03-30,Dummy,Dummy,10,debit,Investments,Example,,
2021-03-30,Dummy,Dummy,200,credit,Investments,Example,,
2021-03-31,Dummy,Dummy,400,debit,Home Improvement,Example,,
2021-03-31,Dummy,Dummy,170,debit,Shopping,Example,,
2021-03-31,Dummy,Dummy,150,debit,Shopping,Example,,
2021-03-31,Dummy,Dummy,0,credit,Dividend & Cap Gains,Example,,
2021-03-31,Dummy,Dummy,0,debit,Trade Commissions,Example,,
2021-04-01,Dummy,Dummy,40,debit,Restaurants,Example,,
2021-04-01,Dummy,Dummy,390,credit,Credit Card Payment,Example,,
2021-04-01,Dummy,Dummy,1630,debit,Home Improvement,Example,,
2021-04-02,Dummy,Dummy,190,debit,Home Improvement,Example,,
2021-04-02,Dummy,Dummy,80,debit,Service & Parts,Example,,
2021-04-02,Dummy,Dummy,0,credit,Income,Example,,
2021-04-03,Dummy,Dummy,10,debit,Coffee Shops,Example,,
2021-04-04,Dummy,Dummy,80,debit,Home Improvement,Example,,
2021-04-04,Dummy,Dummy,130,debit,Personal Care,Example,,
2021-04-04,Dummy,Dummy,140,credit,Credit Card Payment,Example,,
2021-04-05,Dummy,Dummy,30,debit,Credit Card Payment,Example,,
2021-04-06,Dummy,Dummy,10,debit,Clothing,Example,,
2021-04-06,Dummy,Dummy,30,debit,Groceries,Example,,
2021-04-07,Dummy,Dummy,70,debit,Alcohol & Bars,Example,,
2021-04-07,Dummy,Dummy,0,credit,Investments,Example,,
2021-04-07,Dummy,Dummy,0,credit,Investments,Example,,
2021-04-07,Dummy,Dummy,0,credit,Investments,Example,,
2021-04-07,Dummy,Dummy,0,credit,Investments,Example,,
2021-04-08,Dummy,Dummy,10,credit,Interest Income,Example,,
2021-04-08,Dummy,Dummy,10,debit,Shopping,Example,,
2021-04-08,Dummy,Dummy,0,credit,Dividend & Cap Gains,Example,,
2021-04-09,Dummy,Dummy,40,debit,Restaurants,Example,,
2021-04-09,Dummy,Dummy,10,debit,Credit Card Payment,Example,,
2021-04-09,Dummy,Dummy,0,credit,Dividend & Cap Gains,Example,,
2021-04-10,Dummy,Dummy,70,debit,Groceries,Example,,
2021-04-10,Dummy,Dummy,0,debit,Ride Share,Example,,
2021-04-11,Dummy,Dummy,10,debit,Parking,Example,,
2021-04-11,Dummy,Dummy,330,debit,Shopping,Example,,
2021-04-12,Dummy,Dummy,10,debit,Coffee Shops,Example,,
2021-04-12,Dummy,Dummy,0,credit,Dividend & Cap Gains,Example,,
2021-04-13,Dummy,Dummy,40,debit,Groceries,Example,,
2021-04-14,Dummy,Dummy,0,debit,Home Improvement,Example,,
2021-04-14,Dummy,Dummy,80,debit,Advertising,Example,,
2021-04-15,Dummy,Dummy,160,debit,Home Improvement,Example,,
2021-04-15,Dummy,Dummy,50,debit,Groceries,Example,,
2021-04-15,Dummy,Dummy,50,credit,Investments,Example,,
2021-04-16,Dummy,Dummy,70,debit,Home Improvement,Example,,
2021-04-16,Dummy,Dummy,10,debit,Air Travel,Example,,
2021-04-16,Dummy,Dummy,0,credit,Investments,Example,,
2021-04-18,Dummy,Dummy,10,debit,Coffee Shops,Example,,
2021-04-18,Dummy,Dummy,10,debit,Parking,Example,,
2021-04-18,Dummy,Dummy,10,debit,Parking,Example,,
2021-04-18,Dummy,Dummy,90,debit,Internet,Example,,
2021-04-19,Dummy,Dummy,200,credit,Investments,Example,,
2021-04-20,Dummy,Dummy,30,debit,Utilities,Example,,
2021-04-21,Dummy,Dummy,0,debit,Ride Share,Example,,
2021-04-23,Dummy,Dummy,860,credit,Credit Card Payment,Example,,
2021-04-23,Dummy,Dummy,2430,credit,Paycheck,Example,,
2021-04-24,Dummy,Dummy,40,debit,Internet,Example,,
2021-04-25,Dummy,Dummy,30,debit,Alcohol & Bars,Example,,
2021-04-25,Dummy,Dummy,10,debit,Shopping,Example,,
2021-04-26,Dummy,Dummy,0,debit,Parking,Example,,
2021-04-26,Dummy,Dummy,20,debit,Daycare,Example,,
2021-04-26,Dummy,Dummy,60,debit,Shopping,Example,,
2021-04-26,Dummy,Dummy,200,debit,Home Improvement,Example,,
2021-04-27,Dummy,Dummy,0,debit,Restaurants,Example,,
2021-04-27,Dummy,Dummy,60,debit,Groceries,Example,,
2021-04-28,Dummy,Dummy,10,debit,Parking,Example,,
2021-04-29,Dummy,Dummy,10,debit,Parking,Example,,
2021-04-29,Dummy,Dummy,110,debit,Doctor,Example,,
2021-04-29,Dummy,Dummy,0,credit,Investments,Example,,
2021-04-30,Dummy,Dummy,270,credit,Credit Card Payment,Example,,
2021-04-30,Dummy,Dummy,20,debit,Restaurants,Example,,
2021-04-30,Dummy,Dummy,200,debit,Transfer,Example,,
2021-04-30,Dummy,Dummy,50,credit,Investments,Example,,
2021-04-30,Dummy,Dummy,0,debit,Trade Commissions,Example,,
2021-05-01,Dummy,Dummy,1460,debit,Mortgage & Rent,Example,,
2021-05-03,Dummy,Dummy,40,debit,Restaurants,Example,,
2021-05-03,Dummy,Dummy,3690,debit,Credit Card Payment,Example,,
2021-05-04,Dummy,Dummy,1300,debit,Hobbies,Example,,
2021-05-05,Dummy,Dummy,30,debit,Laundry,Example,,
2021-05-05,Dummy,Dummy,1410,credit,Paycheck,Example,,
2021-05-06,Dummy,Dummy,30,debit,Shopping,Example,,
2021-05-06,Dummy,Dummy,0,debit,Investments,Example,,
2021-05-07,Dummy,Dummy,30,debit,Groceries,Example,,
2021-05-07,Dummy,Dummy,20,debit,Alcohol & Bars,Example,,
2021-05-07,Dummy,Dummy,30,debit,Utilities,Example,,
2021-05-08,Dummy,Dummy,120,debit,Home Improvement,Example,,
2021-05-08,Dummy,Dummy,40,debit,Restaurants,Example,,
2021-05-09,Dummy,Dummy,0,debit,Restaurants,Example,,
2021-05-10,Dummy,Dummy,50,debit,Groceries,Example,,
2021-05-10,Dummy,Dummy,90,debit,Home Improvement,Example,,
2021-05-10,Dummy,Dummy,10,debit,Coffee Shops,Example,,
2021-05-10,Dummy,Dummy,0,credit,Dividend & Cap Gains,Example,,
2021-05-11,Dummy,Dummy,0,credit,Shopping,Example,,
2021-05-12,Dummy,Dummy,50,debit,Hobbies,Example,,
2021-05-12,Dummy,Dummy,10,debit,Shopping,Example,,
2021-05-12,Dummy,Dummy,0,debit,Shopping,Example,,
2021-05-12,Dummy,Dummy,5820,debit,Credit Card Payment,Example,,
2021-05-13,Dummy,Dummy,30,debit,Laundry,Example,,
2021-05-14,Dummy,Dummy,50,debit,Shopping,Example,,
2021-05-14,Dummy,Dummy,40,debit,Groceries,Example,,
2021-05-14,Dummy,Dummy,80,debit,Pet Food & Supplies,Example,,
2021-05-16,Dummy,Dummy,20,debit,Home Improvement,Example,,
2021-05-16,Dummy,Dummy,10,debit,Air Travel,Example,,
2021-05-16,Dummy,Dummy,10,debit,Coffee Shops,Example,,
2021-05-16,Dummy,Dummy,110,debit,Shopping,Example,,
2021-05-16,Dummy,Dummy,30,debit,Gas & Fuel,Example,,
2021-05-16,Dummy,Dummy,10,debit,Restaurants,Example,,
2021-05-17,Dummy,Dummy,0,debit,Restaurants,Example,,
2021-05-17,Dummy,Dummy,60,debit,Groceries,Example,,
2021-05-17,Dummy,Dummy,50,debit,Transfer,Example,,
2021-05-17,Dummy,Dummy,0,debit,Transfer,Example,,
2021-05-17,Dummy,Dummy,2760,debit,Credit Card Payment,Example,,
2021-05-18,Dummy,Dummy,0,debit,Gas & Fuel,Example,,
2021-05-18,Dummy,Dummy,10,debit,Home Improvement,Example,,
2021-05-18,Dummy,Dummy,80,debit,Alcohol & Bars,Example,,
2021-05-18,Dummy,Dummy,30,debit,Home Improvement,Example,,
2021-05-18,Dummy,Dummy,200,debit,Transfer,Example,,
2021-05-18,Dummy,Dummy,200,credit,Investments,Example,,
2021-05-20,Dummy,Dummy,10,debit,Groceries,Example,,
2021-05-20,Dummy,Dummy,220,debit,Home Improvement,Example,,
2021-05-20,Dummy,Dummy,10,credit,Entertainment,Example,,
2021-05-21,Dummy,Dummy,50,debit,Gas & Fuel,Example,,
2021-05-21,Dummy,Dummy,20,debit,Groceries,Example,,
2021-05-22,Dummy,Dummy,0,debit,Groceries,Example,,
2021-05-24,Dummy,Dummy,70,credit,Credit Card Payment,Example,,
2021-05-24,Dummy,Dummy,10,debit,Coffee Shops,Example,,
2021-05-25,Dummy,Dummy,20,debit,Groceries,Example,,
2021-05-25,Dummy,Dummy,10,debit,Shopping,Example,,
2021-05-26,Dummy,Dummy,30,debit,Home Improvement,Example,,
2021-05-26,Dummy,Dummy,20,debit,Home Improvement,Example,,
2021-05-26,Dummy,Dummy,0,debit,Home Improvement,Example,,
2021-05-27,Dummy,Dummy,0,debit,Gas & Fuel,Example,,
2021-05-28,Dummy,Dummy,120,debit,Restaurants,Example,,
2021-05-28,Dummy,Dummy,70,debit,Personal Care,Example,,
2021-05-28,Dummy,Dummy,0,credit,Interest Income,Example,,
2021-05-28,Dummy,Dummy,50,debit,Transfer,Example,,
2021-05-28,Dummy,Dummy,0,debit,Investments,Example,,
2021-05-28,Dummy,Dummy,0,debit,Trade Commissions,Example,,
2021-05-29,Dummy,Dummy,30,debit,Shopping,Example,,
2021-05-30,Dummy,Dummy,60,debit,Groceries,Example,,
2021-05-30,Dummy,Dummy,20,debit,Coffee Shops,Example,,
2021-05-31,Dummy,Dummy,10,debit,Coffee Shops,Example,,
2021-05-31,Dummy,Dummy,50,debit,Gas & Fuel,Example,,
2021-05-31,Dummy,Dummy,60,debit,Home Improvement,Example,,
2021-06-01,Dummy,Dummy,80,credit,Credit Card Payment,Example,,
2021-06-01,Dummy,Dummy,1460,debit,Mortgage & Rent,Example,,
2021-06-02,Dummy,Dummy,0,debit,Laundry,Example,,
2021-06-02,Dummy,Dummy,130,debit,Gift,Example,,
2021-06-02,Dummy,Dummy,10,debit,Vacation,Example,,
2021-06-02,Dummy,Dummy,80,debit,Credit Card Payment,Example,,
2021-06-03,Dummy,Dummy,0,debit,Vacation,Example,,
2021-06-03,Dummy,Dummy,30,debit,Vacation,Example,,
2021-06-03,Dummy,Dummy,3440,debit,Credit Card Payment,Example,,
2021-06-04,Dummy,Dummy,20,debit,Vacation,Example,,
2021-06-04,Dummy,Dummy,10,debit,Vacation,Example,,
2021-06-04,Dummy,Dummy,0,credit,Dividend & Cap Gains,Example,,
2021-06-05,Dummy,Dummy,20,debit,Vacation,Example,,
2021-06-05,Dummy,Dummy,10,debit,Vacation,Example,,
2021-06-05,Dummy,Dummy,10,debit,Vacation,Example,,
2021-06-06,Dummy,Dummy,0,debit,Vacation,Example,,
2021-06-07,Dummy,Dummy,0,debit,Vacation,Example,,
2021-06-07,Dummy,Dummy,10,debit,Vacation,Example,,
2021-06-07,Dummy,Dummy,0,credit,Dividend & Cap Gains,Example,,
2021-06-08,Dummy,Dummy,170,debit,Boarding,Example,,
2021-06-08,Dummy,Dummy,10,credit,Interest Income,Example,,
2021-06-09,Dummy,Dummy,10,debit,Parking,Example,,
2021-06-09,Dummy,Dummy,0,debit,Restaurants,Example,,
2021-06-10,Dummy,Dummy,20,debit,Groceries,Example,,
2021-06-11,Dummy,Dummy,0,debit,Parking,Example,,
2021-06-11,Dummy,Dummy,0,debit,Coffee Shops,Example,,
2021-06-11,Dummy,Dummy,70,debit,Groceries,Example,,
2021-06-12,Dummy,Dummy,30,debit,Home Improvement,Example,,
2021-06-12,Dummy,Dummy,0,debit,Gas & Fuel,Example,,
2021-06-13,Dummy,Dummy,0,debit,Home Improvement,Example,,
2021-06-13,Dummy,Dummy,10,debit,Coffee Shops,Example,,
2021-06-14,Dummy,Dummy,0,debit,Restaurants,Example,,
2021-06-14,Dummy,Dummy,70,debit,Electronics & Software,Example,,
2021-06-14,Dummy,Dummy,0,credit,Dividend & Cap Gains,Example,,
2021-06-15,Dummy,Dummy,90,debit,Utilities,Example,,
2021-06-16,Dummy,Dummy,0,debit,Restaurants,Example,,
2021-06-16,Dummy,Dummy,1730,credit,Credit Card Payment,Example,,
2021-06-17,Dummy,Dummy,0,debit,Restaurants,Example,,
2021-06-17,Dummy,Dummy,10,debit,Parking,Example,,
2021-06-17,Dummy,Dummy,1730,debit,Credit Card Payment,Example,,
2021-06-18,Dummy,Dummy,10,debit,Gas & Fuel,Example,,
2021-06-18,Dummy,Dummy,2430,credit,Paycheck,Example,,
2021-06-18,Dummy,Dummy,200,credit,Investments,Example,,
2021-06-20,Dummy,Dummy,10,debit,Entertainment,Example,,
2021-06-20,Dummy,Dummy,80,debit,Personal Care,Example,,
2021-06-21,Dummy,Dummy,30,debit,Restaurants,Example,,
2021-06-21,Dummy,Dummy,0,debit,Parking,Example,,
2021-06-23,Dummy,Dummy,30,debit,Restaurants,Example,,
2021-06-23,Dummy,Dummy,40,debit,Gas & Fuel,Example,,
2021-06-23,Dummy,Dummy,0,debit,Groceries,Example,,
2021-06-24,Dummy,Dummy,880,debit,Credit Card Payment,Example,,
2021-06-24,Dummy,Dummy,10,credit,Dividend & Cap Gains,Example,,
2021-06-24,Dummy,Dummy,10,debit,Investments,Example,,
2021-06-25,Dummy,Dummy,60,credit,Credit Card Payment,Example,,
2021-06-25,Dummy,Dummy,20,debit,Groceries,Example,,
2021-06-26,Dummy,Dummy,80,debit,Groceries,Example,,
2021-06-26,Dummy,Dummy,10,debit,Ride Share,Example,,
2021-06-26,Dummy,Dummy,80,debit,Home Improvement,Example,,
2021-06-26,Dummy,Dummy,60,debit,Alcohol & Bars,Example,,
2021-06-27,Dummy,Dummy,20,debit,Home Improvement,Example,,
2021-06-27,Dummy,Dummy,0,debit,Coffee Shops,Example,,
2021-06-28,Dummy,Dummy,80,debit,Pet Food & Supplies,Example,,
2021-06-28,Dummy,Dummy,80,credit,Shopping,Example,,
2021-06-29,Dummy,Dummy,50,debit,Groceries,Example,,
2021-06-29,Dummy,Dummy,20,debit,Groceries,Example,,
2021-06-29,Dummy,Dummy,20,debit,Investments,Example,,
2021-06-30,Dummy,Dummy,70,debit,Home Improvement,Example,,
2021-06-30,Dummy,Dummy,200,debit,Transfer,Example,,
2021-06-30,Dummy,Dummy,0,debit,Investments,Example,,
2021-06-30,Dummy,Dummy,200,credit,Investments,Example,,
2021-07-01,Dummy,Dummy,1040,debit,Home Improvement,Example,,
2021-07-01,Dummy,Dummy,40,debit,Personal Care,Example,,
2021-07-01,Dummy,Dummy,0,debit,Restaurants,Example,,
2021-07-01,Dummy,Dummy,40,debit,Reimbursement,Example,,
2021-07-02,Dummy,Dummy,0,debit,Restaurants,Example,,
2021-07-02,Dummy,Dummy,10,debit,Restaurants,Example,,
2021-07-03,Dummy,Dummy,40,debit,Home Improvement,Example,,
2021-07-03,Dummy,Dummy,0,debit,Groceries,Example,,
2021-07-04,Dummy,Dummy,30,debit,Shopping,Example,,
2021-07-04,Dummy,Dummy,90,credit,Credit Card Payment,Example,,
2021-07-05,Dummy,Dummy,10,debit,Ride Share,Example,,
2021-07-05,Dummy,Dummy,50,debit,Gas & Fuel,Example,,
2021-07-06,Dummy,Dummy,50,debit,Shopping,Example,,
2021-07-07,Dummy,Dummy,0,debit,Restaurants,Example,,
2021-07-07,Dummy,Dummy,280,debit,Groceries,Example,,
2021-07-07,Dummy,Dummy,0,debit,Investments,Example,,
2021-07-08,Dummy,Dummy,30,debit,Shopping,Example,,
2021-07-08,Dummy,Dummy,30,debit,Home Improvement,Example,,
2021-07-08,Dummy,Dummy,50,debit,Clothing,Example,,
2021-07-09,Dummy,Dummy,30,debit,Home Improvement,Example,,
2021-07-09,Dummy,Dummy,70,debit,Home Improvement,Example,,
2021-07-09,Dummy,Dummy,10,debit,Credit Card Payment,Example,,
2021-07-10,Dummy,Dummy,20,debit,Home Improvement,Example,,
2021-07-10,Dummy,Dummy,130,debit,Entertainment,Example,,
2021-07-11,Dummy,Dummy,30,debit,Coffee Shops,Example,,
2021-07-12,Dummy,Dummy,40,debit,Alcohol & Bars,Example,,
2021-07-12,Dummy,Dummy,0,credit,Dividend & Cap Gains,Example,,
2021-07-13,Dummy,Dummy,60,debit,Mobile Phone,Example,,
2021-07-13,Dummy,Dummy,120,debit,Utilities,Example,,
2021-07-14,Dummy,Dummy,70,debit,Electronics & Software,Example,,
2021-07-15,Dummy,Dummy,120,debit,Groceries,Example,,
2021-07-16,Dummy,Dummy,150,debit,Alcohol & Bars,Example,,
2021-07-16,Dummy,Dummy,0,debit,Groceries,Example,,
2021-07-16,Dummy,Dummy,40,credit,Income,Example,,
2021-07-18,Dummy,Dummy,40,debit,Gas & Fuel,Example,,
2021-07-18,Dummy,Dummy,40,debit,Restaurants,Example,,
2021-07-19,Dummy,Dummy,20,debit,Groceries,Example,,
2021-07-19,Dummy,Dummy,990,debit,Credit Card Payment,Example,,
2021-07-19,Dummy,Dummy,200,credit,Investments,Example,,
2021-07-20,Dummy,Dummy,70,debit,Home Improvement,Example,,
2021-07-21,Dummy,Dummy,10,debit,Coffee Shops,Example,,
2021-07-21,Dummy,Dummy,20,debit,Restaurants,Example,,
2021-07-22,Dummy,Dummy,40,debit,Shopping,Example,,
2021-07-23,Dummy,Dummy,10,debit,Ride Share,Example,,
2021-07-24,Dummy,Dummy,40,debit,Home Improvement,Example,,
2021-07-24,Dummy,Dummy,260,credit,Credit Card Payment,Example,,
2021-07-24,Dummy,Dummy,20,debit,Groceries,Example,,
2021-07-25,Dummy,Dummy,20,debit,Clothing,Example,,
2021-07-25,Dummy,Dummy,50,debit,Groceries,Example,,
2021-07-26,Dummy,Dummy,50,debit,Home Supplies,Example,,
2021-07-26,Dummy,Dummy,260,debit,Credit Card Payment,Example,,
2021-07-27,Dummy,Dummy,60,credit,Home Improvement,Example,,
2021-07-27,Dummy,Dummy,100,debit,Credit Card Payment,Example,,
2021-07-29,Dummy,Dummy,20,debit,Groceries,Example,,
2021-07-29,Dummy,Dummy,60,debit,Groceries,Example,,
2021-07-30,Dummy,Dummy,40,debit,Alcohol & Bars,Example,,
2021-07-30,Dummy,Dummy,30,debit,Groceries,Example,,
2021-07-30,Dummy,Dummy,2510,credit,Paycheck,Example,,
2021-07-30,Dummy,Dummy,0,debit,Investments,Example,,
2021-07-30,Dummy,Dummy,0,debit,Trade Commissions,Example,,
2021-07-31,Dummy,Dummy,50,debit,Home Improvement,Example,,
2021-07-31,Dummy,Dummy,0,debit,Restaurants,Example,,
2021-08-01,Dummy,Dummy,60,debit,Alcohol & Bars,Example,,
2021-08-01,Dummy,Dummy,120,debit,Home Improvement,Example,,
2021-08-02,Dummy,Dummy,0,debit,Restaurants,Example,,
2021-08-03,Dummy,Dummy,0,debit,Groceries,Example,,
2021-08-03,Dummy,Dummy,3920,debit,Credit Card Payment,Example,,
2021-08-04,Dummy,Dummy,10,debit,Parking,Example,,
2021-08-05,Dummy,Dummy,0,debit,Gas & Fuel,Example,,
2021-08-05,Dummy,Dummy,380,debit,Credit Card Payment,Example,,
2021-08-05,Dummy,Dummy,0,debit,Investments,Example,,
2021-08-06,Dummy,Dummy,20,debit,Alcohol & Bars,Example,,
2021-08-06,Dummy,Dummy,40,debit,Shopping,Example,,
2021-08-07,Dummy,Dummy,250,debit,Auto Insurance,Example,,
2021-08-07,Dummy,Dummy,30,debit,Gas & Fuel,Example,,
2021-08-09,Dummy,Dummy,20,debit,Charity,Example,,
2021-08-09,Dummy,Dummy,0,credit,Dividend & Cap Gains,Example,,
2021-08-10,Dummy,Dummy,140,debit,Boarding,Example,,
2021-08-10,Dummy,Dummy,40,debit,Home Improvement,Example,,
2021-08-10,Dummy,Dummy,20,debit,Credit Card Payment,Example,,
2021-08-11,Dummy,Dummy,610,debit,Home Improvement,Example,,
2021-08-12,Dummy,Dummy,0,debit,Restaurants,Example,,
2021-08-12,Dummy,Dummy,10,debit,Coffee Shops,Example,,
2021-08-12,Dummy,Dummy,60,debit,Vacation,Example,,
2021-08-12,Dummy,Dummy,0,credit,Dividend & Cap Gains,Example,,
2021-08-13,Dummy,Dummy,20,debit,Groceries,Example,,
2021-08-14,Dummy,Dummy,70,debit,Mobile Phone,Example,,
2021-08-14,Dummy,Dummy,50,debit,Groceries,Example,,
2021-08-14,Dummy,Dummy,0,debit,Home Improvement,Example,,
2021-08-15,Dummy,Dummy,30,debit,Home Improvement,Example,,
2021-08-16,Dummy,Dummy,10,debit,Parking,Example,,
2021-08-16,Dummy,Dummy,0,debit,Ride Share,Example,,
2021-08-16,Dummy,Dummy,1360,credit,Credit Card Payment,Example,,
2021-08-16,Dummy,Dummy,50,credit,Investments,Example,,
2021-08-17,Dummy,Dummy,60,credit,Home Improvement,Example,,
2021-08-17,Dummy,Dummy,1360,debit,Credit Card Payment,Example,,
2021-08-18,Dummy,Dummy,10,debit,Groceries,Example,,
2021-08-18,Dummy,Dummy,1290,credit,Paycheck,Example,,
2021-08-19,Dummy,Dummy,10,debit,Home Improvement,Example,,
2021-08-20,Dummy,Dummy,10,debit,Entertainment,Example,,
2021-08-20,Dummy,Dummy,680,credit,Paycheck,Example,,
2021-08-21,Dummy,Dummy,210,debit,Home Improvement,Example,,
2021-08-21,Dummy,Dummy,340,debit,Shopping,Example,,
2021-08-23,Dummy,Dummy,50,debit,Gas & Fuel,Example,,
2021-08-23,Dummy,Dummy,30,debit,Coffee Shops,Example,,
2021-08-24,Dummy,Dummy,50,credit,Home Improvement,Example,,
2021-08-25,Dummy,Dummy,70,debit,Home Improvement,Example,,
2021-08-25,Dummy,Dummy,40,debit,Shopping,Example,,
2021-08-25,Dummy,Dummy,10,debit,Shopping,Example,,
2021-08-26,Dummy,Dummy,50,debit,Home Improvement,Example,,
2021-08-27,Dummy,Dummy,130,credit,Home Improvement,Example,,
2021-08-27,Dummy,Dummy,2430,credit,Paycheck,Example,,
2021-08-28,Dummy,Dummy,0,debit,Home Improvement,Example,,
2021-08-28,Dummy,Dummy,490,debit,Home Improvement,Example,,
2021-08-29,Dummy,Dummy,10,debit,Groceries,Example,,
2021-08-29,Dummy,Dummy,150,debit,Restaurants,Example,,
2021-08-30,Dummy,Dummy,0,debit,Home Improvement,Example,,
2021-08-30,Dummy,Dummy,200,debit,Transfer,Example,,
2021-08-31,Dummy,Dummy,50,debit,Groceries,Example,,
2021-08-31,Dummy,Dummy,130,credit,Home Improvement,Example,,
2021-08-31,Dummy,Dummy,0,credit,Interest Income,Example,,
2021-08-31,Dummy,Dummy,0,credit,Dividend & Cap Gains,Example,,
2021-09-01,Dummy,Dummy,40,debit,Reimbursement,Example,,
2021-09-01,Dummy,Dummy,0,debit,Reimbursement,Example,,
2021-09-01,Dummy,Dummy,20,debit,Reimbursement,Example,,
2021-09-02,Dummy,Dummy,320,debit,Reimbursement,Example,,
2021-09-02,Dummy,Dummy,10,debit,Reimbursement,Example,,
2021-09-02,Dummy,Dummy,40,debit,Reimbursement,Example,,
2021-09-02,Dummy,Dummy,10,debit,Groceries,Example,,
2021-09-02,Dummy,Dummy,10,debit,Parking,Example,,
2021-09-02,Dummy,Dummy,0,debit,Groceries,Example,,
2021-09-03,Dummy,Dummy,10,debit,Parking,Example,,
2021-09-03,Dummy,Dummy,2490,debit,Credit Card Payment,Example,,
2021-09-04,Dummy,Dummy,240,debit,Home Improvement,Example,,
2021-09-04,Dummy,Dummy,20,debit,Gas & Fuel,Example,,
2021-09-04,Dummy,Dummy,50,debit,Charity,Example,,
2021-09-05,Dummy,Dummy,140,debit,Home Improvement,Example,,
2021-09-06,Dummy,Dummy,10,debit,Ride Share,Example,,
2021-09-06,Dummy,Dummy,30,credit,Shopping,Example,,
2021-09-07,Dummy,Dummy,0,credit,Dividend & Cap Gains,Example,,
2021-09-07,Dummy,Dummy,0,credit,Dividend & Cap Gains,Example,,
2021-09-08,Dummy,Dummy,20,debit,Charity,Example,,
2021-09-09,Dummy,Dummy,20,debit,Credit Card Payment,Example,,
2021-09-10,Dummy,Dummy,70,debit,Home Improvement,Example,,
2021-09-10,Dummy,Dummy,0,debit,Restaurants,Example,,
2021-09-10,Dummy,Dummy,0,credit,Dividend & Cap Gains,Example,,
2021-09-11,Dummy,Dummy,2090,credit,Credit Card Payment,Example,,
2021-09-13,Dummy,Dummy,70,debit,Mobile Phone,Example,,
2021-09-13,Dummy,Dummy,30,debit,Home Improvement,Example,,
2021-09-13,Dummy,Dummy,110,debit,Utilities,Example,,
2021-09-14,Dummy,Dummy,10,debit,Entertainment,Example,,
2021-09-15,Dummy,Dummy,80,debit,Home Improvement,Example,,
2021-09-15,Dummy,Dummy,50,debit,Transfer,Example,,
2021-09-16,Dummy,Dummy,1180,credit,Credit Card Payment,Example,,
2021-09-17,Dummy,Dummy,20,debit,Daycare,Example,,
2021-09-17,Dummy,Dummy,370,debit,Shopping,Example,,
2021-09-17,Dummy,Dummy,1180,debit,Credit Card Payment,Example,,
2021-09-18,Dummy,Dummy,10,debit,Home Improvement,Example,,
2021-09-19,Dummy,Dummy,60,debit,Alcohol & Bars,Example,,
2021-09-19,Dummy,Dummy,0,debit,Movies & DVDs,Example,,
2021-09-20,Dummy,Dummy,20,debit,Alcohol & Bars,Example,,
2021-09-20,Dummy,Dummy,40,debit,Shopping,Example,,
2021-09-20,Dummy,Dummy,200,debit,Transfer,Example,,
2021-09-21,Dummy,Dummy,80,debit,Shopping,Example,,
2021-09-22,Dummy,Dummy,70,debit,Pet Food & Supplies,Example,,
2021-09-22,Dummy,Dummy,0,debit,Coffee Shops,Example,,
2021-09-23,Dummy,Dummy,10,debit,Restaurants,Example,,
2021-09-23,Dummy,Dummy,10,debit,Investments,Example,,
2021-09-23,Dummy,Dummy,10,credit,Dividend & Cap Gains,Example,,
2021-09-24,Dummy,Dummy,20,debit,Groceries,Example,,
2021-09-24,Dummy,Dummy,10,debit,Gas & Fuel,Example,,
2021-09-24,Dummy,Dummy,0,debit,Investments,Example,,
2021-09-25,Dummy,Dummy,90,debit,Boarding,Example,,
2021-09-25,Dummy,Dummy,50,debit,Gas & Fuel,Example,,
2021-09-25,Dummy,Dummy,30,debit,Home Improvement,Example,,
2021-09-25,Dummy,Dummy,10,debit,Entertainment,Example,,
2021-09-26,Dummy,Dummy,30,credit,Credit Card Payment,Example,,
2021-09-26,Dummy,Dummy,60,debit,Groceries,Example,,
2021-09-27,Dummy,Dummy,30,debit,Restaurants,Example,,
2021-09-27,Dummy,Dummy,40,debit,Groceries,Example,,
2021-09-27,Dummy,Dummy,80,debit,Credit Card Payment,Example,,
2021-09-28,Dummy,Dummy,10,debit,Shopping,Example,,
2021-09-29,Dummy,Dummy,0,debit,Restaurants,Example,,
2021-09-29,Dummy,Dummy,0,debit,Parking,Example,,
2021-09-29,Dummy,Dummy,30,credit,Dividend & Cap Gains,Example,,
2021-09-30,Dummy,Dummy,80,debit,Home Improvement,Example,,
2021-09-30,Dummy,Dummy,50,debit,Transfer,Example,,
2021-09-30,Dummy,Dummy,0,debit,Investments,Example,,
2021-09-30,Dummy,Dummy,0,debit,Trade Commissions,Example,,
2021-10-01,Dummy,Dummy,10,debit,Restaurants,Example,,
2021-10-02,Dummy,Dummy,20,debit,Home Improvement,Example,,
2021-10-02,Dummy,Dummy,70,debit,Home Improvement,Example,,
2021-10-03,Dummy,Dummy,110,debit,Home Improvement,Example,,
2021-10-03,Dummy,Dummy,10,debit,Parking,Example,,
2021-10-04,Dummy,Dummy,50,debit,Gas & Fuel,Example,,
2021-10-04,Dummy,Dummy,310,debit,Home Improvement,Example,,
2021-10-05,Dummy,Dummy,0,debit,Restaurants,Example,,
2021-10-05,Dummy,Dummy,1410,credit,Paycheck,Example,,
2021-10-06,Dummy,Dummy,0,debit,Parking,Example,,
2021-10-06,Dummy,Dummy,50,debit,Shopping,Example,,
2021-10-06,Dummy,Dummy,0,debit,Investments,Example,,
2021-10-07,Dummy,Dummy,10,debit,Parking,Example,,
2021-10-07,Dummy,Dummy,70,debit,Shopping,Example,,
2021-10-07,Dummy,Dummy,10,debit,Coffee Shops,Example,,
2021-10-08,Dummy,Dummy,20,debit,Charity,Example,,
2021-10-08,Dummy,Dummy,100,debit,Groceries,Example,,
2021-10-08,Dummy,Dummy,10,debit,Groceries,Example,,
2021-10-08,Dummy,Dummy,10,debit,Groceries,Example,,
2021-10-08,Dummy,Dummy,10,credit,Interest Income,Example,,
2021-10-08,Dummy,Dummy,0,credit,Dividend & Cap Gains,Example,,
2021-10-09,Dummy,Dummy,10,debit,Transfer,Example,,
2021-10-11,Dummy,Dummy,2130,credit,Credit Card Payment,Example,,
2021-10-11,Dummy,Dummy,20,debit,Coffee Shops,Example,,
2021-10-11,Dummy,Dummy,0,debit,Alcohol & Bars,Example,,
2021-10-12,Dummy,Dummy,0,debit,Home Improvement,Example,,
2021-10-12,Dummy,Dummy,2130,debit,Credit Card Payment,Example,,
2021-10-12,Dummy,Dummy,0,credit,Dividend & Cap Gains,Example,,
2021-10-13,Dummy,Dummy,100,debit,Gift,Example,,
2021-10-13,Dummy,Dummy,280,credit,Home Improvement,Example,,
2021-10-14,Dummy,Dummy,80,debit,Alcohol & Bars,Example,,
2021-10-14,Dummy,Dummy,20,debit,Restaurants,Example,,
2021-10-14,Dummy,Dummy,20,debit,Alcohol & Bars,Example,,
2021-10-15,Dummy,Dummy,10,debit,Alcohol & Bars,Example,,
2021-10-15,Dummy,Dummy,1540,credit,Credit Card Payment,Example,,
2021-10-16,Dummy,Dummy,20,debit,Alcohol & Bars,Example,,
2021-10-16,Dummy,Dummy,130,debit,Restaurants,Example,,
2021-10-16,Dummy,Dummy,0,debit,Alcohol & Bars,Example,,
2021-10-17,Dummy,Dummy,60,debit,Entertainment,Example,,
2021-10-17,Dummy,Dummy,0,debit,Travel,Example,,
2021-10-18,Dummy,Dummy,1540,debit,Credit Card Payment,Example,,
2021-10-18,Dummy,Dummy,200,credit,Investments,Example,,
2021-10-19,Dummy,Dummy,80,credit,Transfer,Example,,
2021-10-20,Dummy,Dummy,30,debit,Baby Supplies,Example,,
2021-10-20,Dummy,Dummy,10,debit,Entertainment,Example,,
2021-10-20,Dummy,Dummy,1290,credit,Paycheck,Example,,
2021-10-21,Dummy,Dummy,10,debit,Parking,Example,,
2021-10-22,Dummy,Dummy,2430,credit,Paycheck,Example,,
2021-10-23,Dummy,Dummy,40,debit,Shopping,Example,,
2021-10-23,Dummy,Dummy,10,debit,Coffee Shops,Example,,
2021-10-24,Dummy,Dummy,10,debit,Ride Share,Example,,
2021-10-25,Dummy,Dummy,10,debit,Groceries,Example,,
2021-10-25,Dummy,Dummy,50,debit,Groceries,Example,,
2021-10-25,Dummy,Dummy,50,debit,Alcohol & Bars,Example,,
2021-10-25,Dummy,Dummy,10,debit,Clothing,Example,,
2021-10-26,Dummy,Dummy,150,debit,Restaurants,Example,,
2021-10-26,Dummy,Dummy,50,credit,Shopping,Example,,
2021-10-26,Dummy,Dummy,90,credit,Credit Card Payment,Example,,
2021-10-27,Dummy,Dummy,20,debit,Groceries,Example,,
2021-10-27,Dummy,Dummy,80,debit,Groceries,Example,,
2021-10-28,Dummy,Dummy,0,debit,Ride Share,Example,,
2021-10-28,Dummy,Dummy,50,debit,Gas & Fuel,Example,,
2021-10-29,Dummy,Dummy,0,debit,Restaurants,Example,,
2021-10-29,Dummy,Dummy,0,debit,Restaurants,Example,,
2021-10-29,Dummy,Dummy,200,debit,Transfer,Example,,
2021-10-29,Dummy,Dummy,50,credit,Investments,Example,,
2021-10-30,Dummy,Dummy,30,debit,Entertainment,Example,,
2021-10-31,Dummy,Dummy,150,debit,Clothing,Example,,
2021-11-01,Dummy,Dummy,100,debit,Service Fee,Example,,
2021-11-01,Dummy,Dummy,10,debit,Utilities,Example,,
2021-11-02,Dummy,Dummy,0,debit,Restaurants,Example,,
2021-11-02,Dummy,Dummy,4660,credit,Transfer,Example,,
2021-11-03,Dummy,Dummy,0,debit,Restaurants,Example,,
2021-11-03,Dummy,Dummy,530,debit,Sports,Example,,
2021-11-04,Dummy,Dummy,50,debit,Shopping,Example,,
2021-11-04,Dummy,Dummy,0,debit,Investments,Example,,
2021-11-05,Dummy,Dummy,30,debit,Groceries,Example,,
2021-11-05,Dummy,Dummy,2290,credit,Paycheck,Example,,
2021-11-06,Dummy,Dummy,240,debit,Home Improvement,Example,,
2021-11-06,Dummy,Dummy,90,debit,Restaurants,Example,,
2021-11-07,Dummy,Dummy,160,debit,Home Improvement,Example,,
2021-11-07,Dummy,Dummy,70,debit,Groceries,Example,,
2021-11-08,Dummy,Dummy,20,debit,Charity,Example,,
2021-11-08,Dummy,Dummy,2040,debit,Transfer,Example,,
2021-11-08,Dummy,Dummy,2040,credit,Investments,Example,,
2021-11-09,Dummy,Dummy,0,debit,Groceries,Example,,
2021-11-09,Dummy,Dummy,0,credit,Dividend & Cap Gains,Example,,
2021-11-10,Dummy,Dummy,30,debit,Clothing,Example,,
2021-11-10,Dummy,Dummy,40,debit,Personal Care,Example,,
2021-11-10,Dummy,Dummy,20,debit,Home Services,Example,,
2021-11-10,Dummy,Dummy,0,credit,Dividend & Cap Gains,Example,,
2021-11-11,Dummy,Dummy,40,debit,Vacation,Example,,
2021-11-11,Dummy,Dummy,40,debit,Groceries,Example,,
2021-11-12,Dummy,Dummy,30,debit,Vacation,Example,,
2021-11-12,Dummy,Dummy,0,debit,Coffee Shops,Example,,
2021-11-13,Dummy,Dummy,50,debit,Vacation,Example,,
2021-11-13,Dummy,Dummy,10,debit,Vacation,Example,,
2021-11-13,Dummy,Dummy,10,debit,Ride Share,Example,,
2021-11-13,Dummy,Dummy,20,debit,Ride Share,Example,,
2021-11-14,Dummy,Dummy,10,debit,Vacation,Example,,
2021-11-14,Dummy,Dummy,10,debit,Reimbursement,Example,,
2021-11-14,Dummy,Dummy,10,debit,Vacation,Example,,
2021-11-14,Dummy,Dummy,10,debit,Vacation,Example,,
2021-11-14,Dummy,Dummy,0,debit,Restaurants,Example,,
2021-11-15,Dummy,Dummy,10,debit,Entertainment,Example,,
2021-11-15,Dummy,Dummy,10,debit,Coffee Shops,Example,,
2021-11-15,Dummy,Dummy,20,debit,Vacation,Example,,
2021-11-15,Dummy,Dummy,50,credit,Investments,Example,,
2021-11-16,Dummy,Dummy,60,debit,Finance Charge,Example,,
2021-11-16,Dummy,Dummy,40,debit,Reimbursement,Example,,
2021-11-16,Dummy,Dummy,40,debit,Reimbursement,Example,,
2021-11-17,Dummy,Dummy,20,debit,Home Improvement,Example,,
2021-11-17,Dummy,Dummy,150,debit,Home Improvement,Example,,
2021-11-17,Dummy,Dummy,560,credit,Transfer,Example,,
2021-11-18,Dummy,Dummy,0,debit,Ride Share,Example,,
2021-11-18,Dummy,Dummy,1540,credit,Paycheck,Example,,
2021-11-19,Dummy,Dummy,10,debit,Ride Share,Example,,
2021-11-20,Dummy,Dummy,10,debit,Ride Share,Example,,
2021-11-20,Dummy,Dummy,40,debit,Home Improvement,Example,,
2021-11-21,Dummy,Dummy,250,debit,Credit Card Payment,Example,,
2021-11-21,Dummy,Dummy,10,debit,Groceries,Example,,
2021-11-22,Dummy,Dummy,0,debit,Air Travel,Example,,
2021-11-23,Dummy,Dummy,0,credit,Credit Card Payment,Example,,
2021-11-24,Dummy,Dummy,10,debit,Vacation,Example,,
2021-11-24,Dummy,Dummy,40,credit,Clothing,Example,,
2021-11-25,Dummy,Dummy,60,debit,Credit Card Payment,Example,,
2021-11-25,Dummy,Dummy,0,debit,Shipping,Example,,
2021-11-25,Dummy,Dummy,340,debit,Transfer,Example,,
2021-11-25,Dummy,Dummy,20,debit,Shopping,Example,,
2021-11-26,Dummy,Dummy,0,debit,Ride Share,Example,,
2021-11-26,Dummy,Dummy,60,debit,Credit Card Payment,Example,,
2021-11-28,Dummy,Dummy,100,debit,Credit Card Payment,Example,,
2021-11-28,Dummy,Dummy,60,debit,Groceries,Example,,
2021-11-29,Dummy,Dummy,0,credit,Interest Income,Example,,
2021-11-29,Dummy,Dummy,10,credit,Credit Card Payment,Example,,
2021-11-29,Dummy,Dummy,200,credit,Transfer,Example,,
2021-11-29,Dummy,Dummy,40,credit,Fees & Charges,Example,,
2021-11-29,Dummy,Dummy,10,credit,Income,Example,,
2021-11-30,Dummy,Dummy,50,debit,Shopping,Example,,
2021-11-30,Dummy,Dummy,20,debit,Mobile Phone,Example,,
2021-11-30,Dummy,Dummy,50,debit,Transfer,Example,,
2021-11-30,Dummy,Dummy,0,debit,Trade Commissions,Example,,
2021-11-30,Dummy,Dummy,50,credit,Investments,Example,,
2021-12-01,Dummy,Dummy,1460,debit,Mortgage & Rent,Example,,
2021-12-02,Dummy,Dummy,2270,credit,Paycheck,Example,,
2021-12-02,Dummy,Dummy,460,debit,Shopping,Example,,
2021-12-03,Dummy,Dummy,20,debit,Alcohol & Bars,Example,,
2021-12-04,Dummy,Dummy,120,debit,Alcohol & Bars,Example,,
2021-12-06,Dummy,Dummy,140,debit,Home Improvement,Example,,
2021-12-06,Dummy,Dummy,0,debit,Investments,Example,,
2021-12-08,Dummy,Dummy,20,debit,Credit Card Payment,Example,,
2021-12-08,Dummy,Dummy,40,debit,Misc Expenses,Example,,
2021-12-08,Dummy,Dummy,40,debit,Financial,Example,,
2021-12-09,Dummy,Dummy,20,debit,Reimbursement,Example,,
2021-12-09,Dummy,Dummy,1840,debit,Investments,Example,,
2021-12-10,Dummy,Dummy,20,debit,Charity,Example,,
2021-12-10,Dummy,Dummy,0,credit,Dividend & Cap Gains,Example,,
2021-12-10,Dummy,Dummy,0,debit,Investments,Example,,
2021-12-11,Dummy,Dummy,10,debit,Parking,Example,,
2021-12-11,Dummy,Dummy,10,debit,Coffee Shops,Example,,
2021-12-12,Dummy,Dummy,4470,debit,Credit Card Payment,Example,,
2021-12-13,Dummy,Dummy,360,credit,Transfer,Example,,
2021-12-13,Dummy,Dummy,20,debit,Shopping,Example,,
2021-12-13,Dummy,Dummy,1140,credit,Transfer,Example,,
2021-12-14,Dummy,Dummy,50,debit,Transfer,Example,,
2021-12-14,Dummy,Dummy,30,debit,Utilities,Example,,
2021-12-15,Dummy,Dummy,50,debit,Transfer,Example,,
2021-12-16,Dummy,Dummy,1910,credit,Credit Card Payment,Example,,
2021-12-17,Dummy,Dummy,220,debit,Reimbursement,Example,,
2021-12-17,Dummy,Dummy,1910,debit,Credit Card Payment,Example,,
2021-12-19,Dummy,Dummy,1560,credit,Paycheck,Example,,
2021-12-19,Dummy,Dummy,60,debit,Groceries,Example,,
2021-12-19,Dummy,Dummy,200,credit,Transfer,Example,,
2021-12-20,Dummy,Dummy,30,debit,Groceries,Example,,
2021-12-20,Dummy,Dummy,10,debit,Entertainment,Example,,
2021-12-20,Dummy,Dummy,20,debit,Veterinary,Example,,
2021-12-20,Dummy,Dummy,200,credit,Investments,Example,,
2021-12-21,Dummy,Dummy,10,debit,Vacation,Example,,
2021-12-21,Dummy,Dummy,190,debit,Life Insurance,Example,,
2021-12-21,Dummy,Dummy,40,debit,Utilities,Example,,
2021-12-22,Dummy,Dummy,10,debit,Vacation,Example,,
2021-12-23,Dummy,Dummy,0,debit,Vacation,Example,,
2021-12-23,Dummy,Dummy,30,credit,Dividend & Cap Gains,Example,,
2021-12-26,Dummy,Dummy,70,debit,Credit Card Payment,Example,,
2021-12-27,Dummy,Dummy,40,debit,Groceries,Example,,
2021-12-28,Dummy,Dummy,10,debit,Vacation,Example,,
2021-12-29,Dummy,Dummy,2460,credit,Paycheck,Example,,
2021-12-29,Dummy,Dummy,90,credit,Income,Example,,
2021-12-29,Dummy,Dummy,0,debit,Investments,Example,,
2021-12-29,Dummy,Dummy,0,debit,Investments,Example,,
2021-12-29,Dummy,Dummy,0,credit,Investments,Example,,
2021-12-30,Dummy,Dummy,3120,credit,Paycheck,Example,,
2021-12-30,Dummy,Dummy,40,debit,Gas & Fuel,Example,,
2021-12-30,Dummy,Dummy,10,debit,Gas & Fuel,Example,,
2021-12-30,Dummy,Dummy,50,debit,Entertainment,Example,,
2021-12-30,Dummy,Dummy,0,debit,Fast Food,Example,,
2021-12-30,Dummy,Dummy,0,credit,Dividend & Cap Gains,Example,,
2021-12-30,Dummy,Dummy,0,credit,Income,Example,,
2021-12-30,Dummy,Dummy,30,debit,Investments,Example,,
2021-12-31,Dummy,Dummy,20,debit,Gas & Fuel,Example,,
2021-12-31,Dummy,Dummy,0,credit,Interest Income,Example,,
2021-12-31,Dummy,Dummy,0,debit,Investments,Example,,
